RegionID_x,RegionName_x,monthly_price_slope,monthly_price_change_std,total_data_points,last_avg_price,sharpe_ratios,Region,StateName,CountyName,CityName,ForecastedDate,ForecastYoYPctChange,zillow_1yr_revenue_forecast,first_three_zip_digits,last_two_zip_digits_x,RegionID_y,RegionName_y,monthly_rent_approx,last_two_zip_digits_y,zip_abs_diff,approx_rental_yield
72933,33952,1263.0,1968.0,61,241483.0,0.6417682926829268,Zip,FL,Charlotte County,Port Charlotte,2022-11-30,29.2,70513.036,339,52,399581,33966,2139.0,66,14,0.008857766385211381
72303,32922,1341.0,1330.0,61,177120.0,1.0082706766917293,Zip,FL,Brevard County,Cocoa,2022-11-30,29.1,51541.920000000006,329,22,72302,32920,1604.0,20,2,0.009056007226738935
73085,34287,1301.0,2332.0,61,269169.0,0.5578902229845626,Zip,FL,Sarasota County,North Port,2022-11-30,28.8,77520.672,342,87,73089,34293,2241.0,93,6,0.008325624421831638
73162,34668,1515.0,1565.0,61,197506.0,0.9680511182108626,Zip,FL,Pasco County,Port Richey,2022-11-30,27.7,54709.162000000004,346,68,73171,34683,1893.0,83,15,0.009584518951322998
72837,33815,1514.0,1323.0,61,172188.0,1.144368858654573,Zip,FL,Polk County,Lakeland,2022-11-30,26.8,46146.384000000005,338,15,72836,33813,1952.0,13,2,0.011336446209956559
73176,34690,1480.0,1428.0,61,177321.0,1.0364145658263306,Zip,FL,Pasco County,Holiday,2022-11-30,26.8,47522.028000000006,346,90,73176,34690,1433.0,90,0,0.008081389119168062
73177,34691,1486.0,1664.0,61,193204.0,0.8930288461538461,Zip,FL,Pasco County,Holiday,2022-11-30,26.7,51585.468,346,91,73177,34691,1572.0,91,0,0.008136477505641705
71019,30297,1307.0,1044.0,61,139552.0,1.2519157088122606,Zip,GA,Clayton County,Forest Park,2022-11-30,26.7,37260.384000000005,302,97,71018,30296,1773.0,96,1,0.012704941527172667
72923,33936,1117.0,1747.0,61,214629.0,0.6393817973669147,Zip,FL,Lee County,Lehigh Acres,2022-11-30,26.5,56876.685000000005,339,36,72912,33919,1769.0,19,17,0.008242129441967302
71001,30274,1515.0,1328.0,61,176389.0,1.1408132530120483,Zip,GA,Clayton County,Riverdale,2022-11-30,25.2,44450.028,302,74,71001,30274,1613.0,74,0,0.009144561168780365
71862,32208,1405.0,966.0,61,146445.0,1.4544513457556936,Zip,FL,Duval County,Jacksonville,2022-11-30,24.9,36464.805,322,8,71862,32208,1209.0,8,0,0.00825565912117177
72830,33805,1475.0,1454.0,61,206229.0,1.014442916093535,Zip,FL,Polk County,Lakeland,2022-11-30,24.5,50526.104999999996,338,5,72828,33803,1653.0,3,2,0.008015361564086524
72289,32901,1216.0,1689.0,61,248509.0,0.7199526346950859,Zip,FL,Brevard County,Melbourne,2022-11-30,24.5,60884.705,329,1,72291,32903,2499.0,3,2,0.010055973827909653
72805,33764,1900.0,2630.0,61,395024.0,0.7224334600760456,Zip,FL,Pinellas County,Clearwater,2022-11-30,24.5,96780.88,337,64,72808,33767,3591.0,67,3,0.00909058690104905
90767,75215,1088.0,1674.0,61,155347.0,0.6499402628434886,Zip,TX,Dallas County,Dallas,2022-11-30,24.4,37904.668,752,15,90767,75215,2213.0,15,0,0.014245527753995893
72312,32935,1281.0,1682.0,61,252787.0,0.7615933412604042,Zip,FL,Brevard County,Melbourne,2022-11-30,24.2,61174.454,329,35,72315,32940,2025.0,40,5,0.008010696752601992
71177,30529,1415.0,1916.0,61,241986.0,0.738517745302714,Zip,GA,Jackson County,Commerce,2022-11-30,24.1,58318.626000000004,305,29,71169,30519,2109.0,19,10,0.008715380228608266
72657,33523,1440.0,1313.0,61,209923.0,1.0967250571210967,Zip,FL,Hernando County,Ridge Manor,2022-11-30,24.1,50591.44300000001,335,23,72663,33534,2087.0,34,11,0.00994174054296099
70977,30238,1550.0,1375.0,61,200533.0,1.1272727272727272,Zip,GA,Clayton County,Jonesboro,2022-11-30,24.0,48127.92,302,38,70977,30238,1697.0,38,0,0.008462447577206744
71018,30296,1600.0,1410.0,61,212082.0,1.1347517730496455,Zip,GA,Clayton County,Riverdale,2022-11-30,23.9,50687.598,302,96,71018,30296,1773.0,96,0,0.008359973972331456
72669,33542,1219.0,1236.0,61,187739.0,0.9862459546925566,Zip,FL,Pasco County,Zephyrhills,2022-11-30,23.8,44681.882000000005,335,42,72670,33543,2348.0,43,1,0.012506724761504003
72843,33830,1373.0,1602.0,61,226823.0,0.8570536828963795,Zip,FL,Polk County,Bartow,2022-11-30,23.7,53757.051,338,30,72836,33813,1952.0,13,17,0.008605829214850346
72341,32976,1010.0,1294.0,61,204810.0,0.7805255023183926,Zip,FL,Brevard County,Micco,2022-11-30,23.6,48335.16,329,76,72324,32955,1878.0,55,21,0.009169474146770178
71199,30554,1347.0,1456.0,61,253480.0,0.9251373626373627,Zip,GA,Hall County,Lula,2022-11-30,23.5,59567.8,305,54,71169,30519,2109.0,19,35,0.00832018305191731
70989,30260,1488.0,1369.0,61,187996.0,1.0869247626004384,Zip,GA,Clayton County,Morrow,2022-11-30,23.5,44179.060000000005,302,60,70991,30263,1760.0,63,3,0.009361901317049299
71010,30288,1607.0,1172.0,61,191325.0,1.371160409556314,Zip,GA,Dekalb County,Conley,2022-11-30,23.2,44387.399999999994,302,88,71013,30291,1768.0,91,3,0.009240820593231412
72777,33714,1628.0,1607.0,61,240368.0,1.0130678282514,Zip,FL,Pinellas County,West and East Lealman,2022-11-30,23.2,55765.376,337,14,72776,33713,1964.0,13,1,0.008170804766025427
69424,27576,1214.0,1484.0,61,213828.0,0.8180592991913747,Zip,NC,Johnston County,Selma,2022-11-30,23.2,49608.096,275,76,69431,27587,1781.0,87,11,0.00832912434292983
72667,33540,1359.0,1544.0,61,235827.0,0.8801813471502591,Zip,FL,Pasco County,Zephyrhills,2022-11-30,23.1,54476.037000000004,335,40,72670,33543,2348.0,43,3,0.009956451127309427
72840,33825,1063.0,989.0,61,170368.0,1.0748230535894843,Zip,FL,Highlands County,Avon Park,2022-11-30,23.0,39184.64,338,25,72836,33813,1952.0,13,12,0.01145755071374906
72852,33841,1299.0,1345.0,61,193044.0,0.9657992565055762,Zip,FL,Polk County,Fort Meade,2022-11-30,22.9,44207.075999999994,338,41,72836,33813,1952.0,13,28,0.010111684382835
72668,33541,1522.0,2021.0,61,288383.0,0.7530925284512617,Zip,FL,Pasco County,Zephyrhills,2022-11-30,22.7,65462.941,335,41,72670,33543,2348.0,43,2,0.008141950114951297
70795,30008,1731.0,1899.0,61,294374.0,0.9115323854660348,Zip,GA,Cobb County,Marietta,2022-11-30,22.5,66234.15000000001,300,8,70796,30009,2516.0,9,1,0.008546950477963408
72876,33870,1050.0,939.0,61,170667.0,1.1182108626198084,Zip,FL,Highlands County,Sebring,2022-11-30,22.3,38058.741,338,70,72883,33880,1529.0,80,10,0.008958966877017818
69383,27524,1223.0,1429.0,61,228836.0,0.8558432470258922,Zip,NC,Johnston County,Four Oaks,2022-11-30,22.2,50801.592000000004,275,24,69385,27526,1900.0,26,2,0.008302889405513119
69662,28016,1400.0,1150.0,61,194270.0,1.2173913043478262,Zip,NC,Gaston County,Bessemer City,2022-11-30,22.1,42933.670000000006,280,16,69670,28025,1713.0,25,9,0.008817624954959592
72806,33765,1729.0,1896.0,61,323246.0,0.9119198312236287,Zip,FL,Pinellas County,Clearwater,2022-11-30,21.9,70790.874,337,65,72808,33767,3591.0,67,2,0.011109186192559227
69667,28021,1350.0,1265.0,61,208722.0,1.0671936758893281,Zip,NC,Gaston County,Cherryville,2022-11-30,21.7,45292.674,280,21,69670,28025,1713.0,25,4,0.008207088855032052
69399,27542,967.0,1522.0,61,202360.0,0.6353482260183968,Zip,NC,Johnston County,Kenly,2022-11-30,21.7,43912.12,275,42,69397,27540,1927.0,40,2,0.00952263293140937
98907,96771,1295.0,2516.0,61,307621.0,0.5147058823529411,Zip,HI,Hawaii County,Mountain View,2022-11-30,21.7,66753.757,967,71,98923,96789,2497.0,89,18,0.008117131145142887
72853,33843,1152.0,1120.0,61,171127.0,1.0285714285714285,Zip,FL,Polk County,Frostproof,2022-11-30,21.4,36621.178,338,43,72836,33813,1952.0,13,30,0.011406733011155457
70969,30224,1294.0,1449.0,61,213882.0,0.8930296756383713,Zip,GA,Spalding County,Griffin,2022-11-30,21.3,45556.866,302,24,70970,30228,1890.0,28,4,0.008836648245294135
90768,75216,1744.0,1414.0,61,178001.0,1.2333804809052333,Zip,TX,Dallas County,Dallas,2022-11-30,21.3,37914.213,752,16,90767,75215,2213.0,15,1,0.01243251442407627
70968,30223,1186.0,1267.0,61,170163.0,0.936069455406472,Zip,GA,Spalding County,Griffin,2022-11-30,21.3,36244.719000000005,302,23,70970,30228,1890.0,28,5,0.011106997408367271
72596,33430,1148.0,2244.0,61,209185.0,0.5115864527629234,Zip,FL,Palm Beach County,Belle Glade,2022-11-30,21.1,44138.035,334,30,72597,33431,2684.0,31,1,0.012830747902574276
90756,75203,1767.0,1568.0,61,201691.0,1.1269132653061225,Zip,TX,Dallas County,Dallas,2022-11-30,21.1,42556.80100000001,752,3,90757,75204,1927.0,4,1,0.009554219077698062
92333,78237,804.0,1058.0,61,139004.0,0.7599243856332704,Zip,TX,Bexar County,San Antonio,2022-11-30,21.0,29190.84,782,37,92334,78238,1128.0,38,1,0.008114874392103824
71793,32114,1145.0,1144.0,61,175418.0,1.0008741258741258,Zip,FL,Volusia County,Daytona Beach,2022-11-30,20.4,35785.272,321,14,71798,32119,1476.0,19,5,0.008414187825650732
69763,28174,1622.0,1901.0,61,264407.0,0.8532351394003156,Zip,NC,Union County,Wingate,2022-11-30,20.4,53939.028,281,74,69762,28173,2386.0,73,1,0.009023966839001992
69759,28168,1141.0,1444.0,61,223134.0,0.7901662049861495,Zip,NC,Lincoln County,Vale,2022-11-30,20.3,45296.202000000005,281,68,69762,28173,2386.0,73,5,0.010693126103596943
90769,75217,1450.0,1302.0,61,193338.0,1.1136712749615976,Zip,TX,Dallas County,Dallas,2022-11-30,20.2,39054.276,752,17,90770,75218,1959.0,18,1,0.010132514042764485
70880,30103,1236.0,1096.0,61,224287.0,1.1277372262773722,Zip,GA,Bartow County,Adairsville,2022-11-30,19.8,44408.826,301,3,70879,30102,1995.0,2,1,0.008894853468992853
92307,78211,834.0,957.0,61,137882.0,0.8714733542319749,Zip,TX,Bexar County,San Antonio,2022-11-30,19.7,27162.754,782,11,92306,78210,1292.0,10,1,0.009370331152724794
90705,75119,1280.0,1503.0,61,228922.0,0.8516300731869594,Zip,TX,Ellis County,Ennis,2022-11-30,19.6,44868.712,751,19,90701,75115,1983.0,15,4,0.008662339137348093
63939,15208,706.0,1256.0,61,134935.0,0.5621019108280255,Zip,PA,Allegheny County,Pittsburgh,2022-11-30,19.5,26312.325,152,8,63942,15211,1385.0,11,3,0.010264201282098788
91249,76104,1612.0,1139.0,61,179501.0,1.415276558384548,Zip,TX,Tarrant County,Fort Worth,2022-11-30,19.4,34823.193999999996,761,4,91252,76107,1576.0,7,3,0.008779895376627428
72450,33147,2268.0,1445.0,61,322408.0,1.5695501730103807,Zip,FL,Miami-Dade County,West Little River,2022-11-30,19.4,62547.151999999995,331,47,72449,33146,2781.0,46,1,0.00862571648346195
70290,29067,864.0,1162.0,61,141040.0,0.7435456110154905,Zip,SC,Lancaster County,Kershaw,2022-11-30,19.4,27361.76,290,67,70288,29063,1500.0,63,4,0.010635280771412365
94926,85350,1223.0,1533.0,61,221887.0,0.7977821265492498,Zip,AZ,Yuma County,Somerton,2022-11-30,19.3,42824.191,853,50,94929,85353,2047.0,53,3,0.009225416540851876
69756,28164,1569.0,1681.0,61,295048.0,0.933372992266508,Zip,NC,Gaston County,Stanley,2022-11-30,19.3,56944.264,281,64,69762,28173,2386.0,73,9,0.008086819771698164
90936,75474,1119.0,1818.0,61,209273.0,0.6155115511551155,Zip,TX,Hunt County,West Tawakoni,2022-11-30,19.3,40389.689,754,74,90880,75409,1942.0,9,65,0.00927974463977675
97297,93505,1667.0,1856.0,61,250938.0,0.8981681034482759,Zip,CA,Kern County,California City,2022-11-30,19.3,48431.034,935,5,97319,93536,2314.0,36,31,0.009221401302313718
94925,85349,1116.0,1443.0,61,208130.0,0.7733887733887734,Zip,AZ,Yuma County,San Luis,2022-11-30,19.3,40169.090000000004,853,49,94921,85345,1761.0,45,4,0.008461057992600779
76591,43223,1336.0,819.0,61,148831.0,1.6312576312576312,Zip,OH,Franklin County,Columbus,2022-11-30,19.2,28575.552,432,23,76594,43227,1234.0,27,4,0.008291283401979427
96778,92277,1782.0,1972.0,61,239147.0,0.9036511156186613,Zip,CA,San Bernardino County,Twentynine Palms,2022-11-30,19.1,45677.077000000005,922,77,96769,92264,2123.0,64,13,0.008877385039327276
92338,78242,901.0,781.0,61,153971.0,1.1536491677336749,Zip,TX,Bexar County,San Antonio,2022-11-30,19.0,29254.49,782,42,92336,78240,1291.0,40,2,0.008384695819342603
77507,45216,1123.0,957.0,61,134170.0,1.1734587251828632,Zip,OH,Hamilton County,Cincinnati,2022-11-30,19.0,25492.3,452,16,77510,45219,1590.0,19,3,0.011850637251248417
96750,92243,1559.0,2805.0,61,313986.0,0.5557932263814617,Zip,CA,Imperial County,El Centro,2022-11-30,19.0,59657.340000000004,922,43,96743,92234,2646.0,34,9,0.008427127324148211
72445,33142,2457.0,1518.0,61,323805.0,1.6185770750988142,Zip,FL,Miami-Dade County,Miami,2022-11-30,19.0,61522.95,331,42,72446,33143,2622.0,43,1,0.00809746606754065
71745,32038,1058.0,2081.0,61,230240.0,0.5084094185487746,Zip,FL,Columbia County,Fort White,2022-11-30,18.9,43515.36,320,38,71743,32034,2226.0,34,4,0.0096681723419041
69416,27565,773.0,1162.0,61,170297.0,0.6652323580034424,Zip,NC,Granville County,Oxford,2022-11-30,18.9,32186.133,275,65,69412,27560,1731.0,60,5,0.010164594796150256
70480,29440,745.0,1303.0,61,197006.0,0.5717574827321565,Zip,SC,Georgetown County,Georgetown,2022-11-30,18.8,37037.128,294,40,70482,29445,1713.0,45,5,0.00869516664467072
94940,85364,1199.0,1550.0,61,224862.0,0.7735483870967742,Zip,AZ,Yuma County,Yuma,2022-11-30,18.8,42274.056,853,64,94948,85374,1876.0,74,10,0.008342894753226424
90897,75428,1364.0,1454.0,61,203658.0,0.938101788170564,Zip,TX,Hunt County,Commerce,2022-11-30,18.8,38287.704,754,28,90880,75409,1942.0,9,19,0.00953559398599613
91250,76105,1520.0,1019.0,61,166293.0,1.491658488714426,Zip,TX,Tarrant County,Fort Worth,2022-11-30,18.8,31263.084,761,5,91252,76107,1576.0,7,2,0.009477247989993566
72922,33935,1034.0,811.0,61,185764.0,1.2749691738594329,Zip,FL,Hendry County,Labelle,2022-11-30,18.7,34737.868,339,35,72912,33919,1769.0,19,16,0.009522835425593764
71739,32025,768.0,1483.0,61,172847.0,0.5178691840863116,Zip,FL,Columbia County,Lake City,2022-11-30,18.6,32149.542000000005,320,25,71743,32034,2226.0,34,9,0.012878441627566576
96775,92274,1335.0,2322.0,61,228582.0,0.5749354005167958,Zip,CA,Imperial County,Thermal,2022-11-30,18.6,42516.25200000001,922,74,96769,92264,2123.0,64,10,0.009287695444085711
90748,75180,1377.0,1341.0,61,212610.0,1.0268456375838926,Zip,TX,Dallas County,Balch Springs,2022-11-30,18.5,39332.85,751,80,90753,75189,2019.0,89,9,0.009496260759136448
98164,95388,2214.0,2140.0,61,322936.0,1.0345794392523364,Zip,CA,Merced County,Winton,2022-11-30,18.5,59743.159999999996,953,88,98166,95391,3043.0,91,3,0.00942291971164565
71738,32024,1034.0,2049.0,61,241565.0,0.5046364080039043,Zip,FL,Columbia County,Lake City,2022-11-30,18.3,44206.395000000004,320,24,71743,32034,2226.0,34,10,0.009214911100531948
91289,76164,1200.0,1076.0,61,174642.0,1.1152416356877324,Zip,TX,Tarrant County,Fort Worth,2022-11-30,18.3,31959.486000000004,761,64,91291,76179,1842.0,79,15,0.010547291029649226
91251,76106,1175.0,1116.0,61,178082.0,1.0528673835125448,Zip,TX,Tarrant County,Fort Worth,2022-11-30,18.1,32232.842000000004,761,6,91252,76107,1576.0,7,1,0.008849855684459968
72370,33032,1768.0,2070.0,61,374442.0,0.8541062801932368,Zip,FL,Miami-Dade County,Princeton,2022-11-30,18.0,67399.56,330,32,72367,33029,3141.0,29,3,0.008388482061307226
72368,33030,2019.0,2008.0,61,366294.0,1.0054780876494025,Zip,FL,Miami-Dade County,Homestead,2022-11-30,18.0,65932.92,330,30,72367,33029,3141.0,29,1,0.008575079034873626
92321,78225,827.0,1166.0,61,144687.0,0.70926243567753,Zip,TX,Bexar County,San Antonio,2022-11-30,17.8,25754.286000000004,782,25,92323,78227,1210.0,27,2,0.008362879871723098
65806,19139,1512.0,1105.0,61,144265.0,1.3683257918552036,Zip,PA,Philadelphia County,Philadelphia,2022-11-30,17.8,25679.170000000002,191,39,65806,19139,1257.0,39,0,0.008713132083318892
70931,30161,937.0,812.0,61,158171.0,1.1539408866995073,Zip,GA,Floyd County,Rome,2022-11-30,17.8,28154.438000000002,301,61,70936,30168,1846.0,68,7,0.01167091312566779
60392,06608,1653.0,1487.0,61,229086.0,1.1116341627437794,Zip,CT,Fairfield County,Bridgeport,2022-11-30,17.7,40548.221999999994,066,8,60390,06606,2219.0,6,2,0.00968631867508272
76587,43219,1187.0,899.0,61,152061.0,1.3203559510567298,Zip,OH,Franklin County,Columbus,2022-11-30,17.7,26914.797,432,19,76594,43227,1234.0,27,8,0.00811516430906018
69746,28144,928.0,1315.0,61,160761.0,0.7057034220532319,Zip,NC,Rowan County,Salisbury,2022-11-30,17.7,28454.697,281,44,69728,28117,1554.0,17,27,0.009666523597141099
65334,18058,1445.0,2011.0,61,255124.0,0.7185479860765788,Zip,PA,Monroe County,Polk Township,2022-11-30,17.5,44646.700000000004,180,58,65337,18062,2110.0,62,4,0.008270488076386385
69748,28146,1201.0,1370.0,61,242531.0,0.8766423357664234,Zip,NC,Rowan County,Salisbury,2022-11-30,17.4,42200.394,281,46,69762,28173,2386.0,73,27,0.009837917627025
96740,92231,1794.0,2687.0,61,327035.0,0.6676590993673241,Zip,CA,Imperial County,Calexico,2022-11-30,17.4,56904.09,922,31,96743,92234,2646.0,34,3,0.00809087712324369
70887,30110,981.0,656.0,61,183990.0,1.4954268292682926,Zip,GA,Haralson County,Bremen,2022-11-30,17.4,32014.26,301,10,70891,30114,1928.0,14,4,0.010478830371215827
90684,75090,971.0,1373.0,61,171156.0,0.7072104879825201,Zip,TX,Grayson County,Sherman,2022-11-30,17.3,29609.988,750,90,90683,75089,1653.0,89,1,0.00965785599102573
69331,27401,972.0,749.0,61,131013.0,1.2977303070761015,Zip,NC,Guilford County,Greensboro,2022-11-30,17.2,22534.235999999997,274,1,69336,27406,1369.0,6,5,0.010449344721516185
77962,46107,1094.0,898.0,61,168115.0,1.21826280623608,Zip,IN,Marion County,Beech Grove,2022-11-30,17.1,28747.665,461,7,77973,46123,1613.0,23,16,0.009594622728489427
60956,08066,751.0,1437.0,61,157711.0,0.5226165622825331,Zip,NJ,Gloucester County,Paulsboro,2022-11-30,17.1,26968.581000000002,080,66,60945,08054,2126.0,54,12,0.01348035330446196
97333,93555,1117.0,1524.0,61,263871.0,0.7329396325459318,Zip,CA,Kern County,Ridgecrest,2022-11-30,17.1,45121.941000000006,935,55,97329,93551,2631.0,51,4,0.009970781177166115
73219,34785,1106.0,1354.0,61,198445.0,0.8168389955686853,Zip,FL,Sumter County,Wildwood,2022-11-30,17.1,33934.095,347,85,73220,34786,2160.0,86,1,0.010884627982564439
69749,28147,1195.0,1351.0,61,235002.0,0.8845299777942265,Zip,NC,Rowan County,Salisbury,2022-11-30,17.1,40185.342000000004,281,47,69762,28173,2386.0,73,26,0.010153105079956766
93133,79924,682.0,920.0,61,149181.0,0.741304347826087,Zip,TX,El Paso County,El Paso,2022-11-30,17.0,25360.77,799,24,93142,79934,1415.0,34,10,0.00948512209999933
72582,33415,1605.0,1719.0,61,299592.0,0.9336823734729494,Zip,FL,Palm Beach County,Greenacres,2022-11-30,17.0,50930.64000000001,334,15,72581,33414,2934.0,14,1,0.009793318913722662
70935,30165,980.0,877.0,61,176083.0,1.1174458380843786,Zip,GA,Floyd County,Rome,2022-11-30,17.0,29934.11,301,65,70936,30168,1846.0,68,3,0.010483692349630572
84321,60064,1194.0,938.0,61,152467.0,1.2729211087420043,Zip,IL,Lake County,North Chicago,2022-11-30,16.9,25766.923,600,64,84320,60062,1954.0,62,2,0.012815888028229059
65367,18102,1079.0,753.0,61,144608.0,1.4329349269588314,Zip,PA,Lehigh County,Allentown,2022-11-30,16.9,24438.751999999997,181,2,65368,18103,1599.0,3,1,0.011057479530869661
96759,92254,1703.0,2436.0,61,259976.0,0.6990968801313628,Zip,CA,Riverside County,Mecca,2022-11-30,16.9,43935.943999999996,922,54,96758,92253,2995.0,53,1,0.011520294181001324
76576,43207,1340.0,710.0,61,173794.0,1.8873239436619718,Zip,OH,Franklin County,Columbus,2022-11-30,16.9,29371.185999999998,432,7,76575,43206,1434.0,6,1,0.008251147910744905
96738,92227,1465.0,2126.0,61,300818.0,0.6890874882408279,Zip,CA,Imperial County,Brawley,2022-11-30,16.7,50236.606,922,27,96743,92234,2646.0,34,7,0.008796016195839345
96808,92325,1854.0,2810.0,61,351386.0,0.6597864768683274,Zip,CA,San Bernardino County,Crestline,2022-11-30,16.6,58330.076,923,25,96817,92336,3108.0,36,11,0.008844973903342762
79076,48221,1301.0,947.0,61,132492.0,1.3738120380147836,Zip,MI,Wayne County,Detroit,2022-11-30,16.5,21861.18,482,21,79075,48220,1399.0,20,1,0.010559128098300275
84466,60411,996.0,979.0,61,148103.0,1.017364657814096,Zip,IL,Cook County,Chicago Heights,2022-11-30,16.4,24288.891999999996,604,11,84460,60402,1207.0,2,9,0.008149733631324147
74664,38128,866.0,707.0,61,130640.0,1.224893917963225,Zip,TN,Shelby County,Memphis,2022-11-30,16.4,21424.959999999995,381,28,74664,38128,1213.0,28,0,0.009285058175137783
84629,60628,966.0,1264.0,61,161208.0,0.7642405063291139,Zip,IL,Cook County,Chicago,2022-11-30,16.4,26438.111999999997,606,28,84629,60628,1301.0,28,0,0.008070319090863977
65750,19079,1094.0,1149.0,61,163953.0,0.9521322889469104,Zip,PA,Delaware County,Sharon Hill,2022-11-30,16.3,26724.339,190,79,65757,19087,1995.0,87,8,0.012168121351850835
63952,15221,837.0,1053.0,61,139953.0,0.7948717948717948,Zip,PA,Allegheny County,Wilkinsburg,2022-11-30,16.3,22812.339,152,21,63948,15217,1482.0,17,4,0.010589269254678357
60365,06513,1122.0,1546.0,61,229996.0,0.7257438551099612,Zip,CT,New Haven County,New Haven,2022-11-30,16.3,37489.348,065,13,60363,06511,2003.0,11,2,0.008708847110384528
63945,15214,1187.0,1144.0,61,177100.0,1.0375874125874125,Zip,PA,Allegheny County,Pittsburgh,2022-11-30,16.2,28690.2,152,14,63948,15217,1482.0,17,3,0.00836815358554489
74677,38141,1119.0,876.0,61,175890.0,1.2773972602739727,Zip,TN,Shelby County,Memphis,2022-11-30,16.2,28494.18,381,41,74677,38141,1445.0,41,0,0.00821536187389846
67050,21795,1074.0,1559.0,61,280422.0,0.6889031430404106,Zip,MD,Washington County,Williamsport,2022-11-30,16.2,45428.364,217,95,66989,21704,2300.0,4,91,0.008201924242748428
69403,27546,999.0,1181.0,61,217665.0,0.8458933107535986,Zip,NC,Harnett County,Lillington,2022-11-30,16.2,35261.73,275,46,69402,27545,1742.0,45,1,0.0080031240667999
77514,45223,1457.0,1356.0,61,186830.0,1.0744837758112094,Zip,OH,Hamilton County,Cincinnati,2022-11-30,16.1,30079.63,452,23,77510,45219,1590.0,19,4,0.008510410533640208
90625,75020,1097.0,1000.0,61,186431.0,1.097,Zip,TX,Grayson County,Denison,2022-11-30,16.0,29828.96,750,20,90624,75019,1856.0,19,1,0.009955425868015512
86300,64052,979.0,776.0,61,141401.0,1.2615979381443299,Zip,MO,Jackson County,Independence,2022-11-30,16.0,22624.16,640,52,86303,64055,1254.0,55,3,0.008868395555901302
84464,60409,837.0,1155.0,61,149565.0,0.7246753246753247,Zip,IL,Cook County,Calumet City,2022-11-30,16.0,23930.4,604,9,84460,60402,1207.0,2,7,0.008070069869287601
67010,21740,942.0,1386.0,61,233908.0,0.6796536796536796,Zip,MD,Washington County,Hagerstown,2022-11-30,16.0,37425.28,217,40,66989,21704,2300.0,4,36,0.009832925765685655
69204,27101,1062.0,804.0,61,160220.0,1.3208955223880596,Zip,NC,Forsyth County,Winston-Salem,2022-11-30,16.0,25635.2,271,1,69204,27101,1713.0,1,0,0.010691549119960056
71763,32063,1033.0,1089.0,61,234023.0,0.9485766758494031,Zip,FL,Baker County,Macclenny,2022-11-30,15.9,37209.657,320,63,71765,32065,1920.0,65,2,0.008204321797430168
69335,27405,1029.0,754.0,61,161252.0,1.3647214854111407,Zip,NC,Guilford County,Greensboro,2022-11-30,15.9,25639.068,274,5,69336,27406,1369.0,6,1,0.008489817180562102
70668,29691,911.0,1296.0,61,185107.0,0.7029320987654321,Zip,SC,Oconee County,Walhalla,2022-11-30,15.9,29432.013,296,91,70658,29681,1679.0,81,10,0.009070429535349825
73222,34788,1420.0,1596.0,61,252310.0,0.8897243107769424,Zip,FL,Lake County,Leesburg,2022-11-30,15.8,39864.98,347,88,73221,34787,2207.0,87,1,0.00874717609290159
77032,44132,812.0,742.0,61,132286.0,1.0943396226415094,Zip,OH,Cuyahoga County,Euclid,2022-11-30,15.8,20901.188000000002,441,32,77018,44118,1204.0,18,14,0.00910149222139909
61222,08865,1208.0,1851.0,61,247570.0,0.6526202052944354,Zip,NJ,Warren County,Phillipsburg,2022-11-30,15.8,39116.06,088,65,61189,08820,2503.0,20,45,0.010110271842307226
69389,27530,579.0,943.0,61,161317.0,0.6139978791092259,Zip,NC,Wayne County,Goldsboro,2022-11-30,15.8,25488.086,275,30,69388,27529,1561.0,29,1,0.00967659949044428
76581,43213,1195.0,745.0,61,176654.0,1.604026845637584,Zip,OH,Franklin County,Whitehall,2022-11-30,15.8,27911.332,432,13,76575,43206,1434.0,6,7,0.008117563146036885
70655,29678,833.0,1359.0,61,196418.0,0.6129506990434143,Zip,SC,Oconee County,Seneca,2022-11-30,15.7,30837.626,296,78,70658,29681,1679.0,81,3,0.008548096406642976
77044,44144,923.0,742.0,61,145882.0,1.243935309973046,Zip,OH,Cuyahoga County,Cleveland,2022-11-30,15.7,22903.474,441,44,77018,44118,1204.0,18,26,0.008253245773981711
77021,44121,783.0,782.0,61,143051.0,1.0012787723785166,Zip,OH,Cuyahoga County,South Euclid,2022-11-30,15.7,22459.007,441,21,77018,44118,1204.0,18,3,0.008416578702700435
65753,19082,1044.0,786.0,61,152998.0,1.3282442748091603,Zip,PA,Delaware County,Upper Darby Township,2022-11-30,15.7,24020.686,190,82,65757,19087,1995.0,87,5,0.013039386135766481
77515,45224,1152.0,992.0,61,177586.0,1.1612903225806452,Zip,OH,Hamilton County,Cincinnati,2022-11-30,15.7,27881.002,452,24,77510,45219,1590.0,19,5,0.00895340848940795
65372,18109,1055.0,1020.0,61,190856.0,1.0343137254901962,Zip,PA,Lehigh County,Allentown,2022-11-30,15.7,29964.392,181,9,65369,18104,2248.0,4,5,0.011778513643794274
84526,60475,797.0,1148.0,61,137889.0,0.6942508710801394,Zip,IL,Cook County,Steger,2022-11-30,15.6,21510.684,604,75,84492,60441,1753.0,41,34,0.012713124324637934
73384,35214,735.0,650.0,61,133686.0,1.1307692307692307,Zip,AL,Jefferson County,Forestdale,2022-11-30,15.6,20855.016,352,14,73375,35205,1807.0,5,9,0.013516748201008334
91669,77020,1301.0,1002.0,61,165347.0,1.2984031936127745,Zip,TX,Harris County,Houston,2022-11-30,15.6,25794.132,770,20,91668,77019,1605.0,19,1,0.009706858908840196
73385,35215,825.0,657.0,61,143196.0,1.2557077625570776,Zip,AL,Jefferson County,Birmingham,2022-11-30,15.6,22338.576,352,15,73375,35205,1807.0,5,10,0.012619067571719881
77017,44117,935.0,806.0,61,140186.0,1.1600496277915633,Zip,OH,Cuyahoga County,Euclid,2022-11-30,15.5,21728.829999999998,441,17,77018,44118,1204.0,18,1,0.008588589445451043
74124,37040,1277.0,1504.0,61,251526.0,0.8490691489361702,Zip,TN,Montgomery County,Clarksville,2022-11-30,15.5,38986.53,370,40,74113,37027,2250.0,27,13,0.008945397294911858
91678,77029,1204.0,857.0,61,156085.0,1.4049008168028005,Zip,TX,Harris County,Houston,2022-11-30,15.5,24193.175,770,29,91668,77019,1605.0,19,10,0.010282858698785919
58945,02860,1777.0,2039.0,61,319062.0,0.8715056400196175,Zip,RI,Providence County,Pawtucket,2022-11-30,15.5,49454.61,028,60,58937,02840,2748.0,40,20,0.00861274611204092
63966,15235,857.0,1131.0,61,154324.0,0.757736516357206,Zip,PA,Allegheny County,Penn Hills,2022-11-30,15.5,23920.22,152,35,63948,15217,1482.0,17,18,0.009603172546071901
77908,46011,1055.0,863.0,61,171254.0,1.2224797219003476,Zip,IN,Madison County,Anderson,2022-11-30,15.4,26373.115999999998,460,11,77918,46032,1407.0,32,21,0.008215866490709706
96825,92345,2064.0,2501.0,61,384109.0,0.8252698920431827,Zip,CA,San Bernardino County,Hesperia,2022-11-30,15.4,59152.786,923,45,96817,92336,3108.0,36,9,0.008091453207292721
70973,30233,899.0,794.0,61,192182.0,1.1322418136020151,Zip,GA,Butts County,Jackson,2022-11-30,15.4,29596.028,302,33,70975,30236,1624.0,36,3,0.008450323131198551
89932,73107,774.0,887.0,61,148872.0,0.8726042841037204,Zip,OK,Oklahoma County,Oklahoma City,2022-11-30,15.4,22926.288,731,7,89931,73106,1361.0,6,1,0.009142081788381965
77909,46012,957.0,736.0,61,148433.0,1.3002717391304348,Zip,IN,Madison County,Anderson,2022-11-30,15.3,22710.249,460,12,77918,46032,1407.0,32,20,0.009479024206207514
78907,48021,1009.0,831.0,61,138455.0,1.2141997593261131,Zip,MI,Macomb County,Eastpointe,2022-11-30,15.3,21183.614999999998,480,21,78907,48021,1204.0,21,0,0.008695966198403814
74654,38116,953.0,669.0,61,146453.0,1.4245142002989537,Zip,TN,Shelby County,Memphis,2022-11-30,15.3,22407.309,381,16,74653,38115,1187.0,15,1,0.008104989313977863
58946,02861,1781.0,1952.0,61,322491.0,0.9123975409836066,Zip,RI,Providence County,Pawtucket,2022-11-30,15.2,49018.632,028,61,58937,02840,2748.0,40,21,0.008521168032596258
63957,15226,1083.0,1104.0,61,185225.0,0.9809782608695652,Zip,PA,Allegheny County,Pittsburgh,2022-11-30,15.2,28154.2,152,26,63948,15217,1482.0,17,9,0.008001079767849912
73375,35205,1090.0,1038.0,61,194832.0,1.0500963391136802,Zip,AL,Jefferson County,Birmingham,2022-11-30,15.2,29614.464,352,5,73375,35205,1807.0,5,0,0.0092746571405108
79783,49507,1459.0,934.0,61,187342.0,1.5620985010706638,Zip,MI,Kent County,Grand Rapids,2022-11-30,15.2,28475.984,495,7,79784,49508,1522.0,8,1,0.008124179308430571
67518,23075,985.0,1137.0,61,196099.0,0.8663148636763413,Zip,VA,Henrico County,Highland Springs,2022-11-30,15.2,29807.048,230,75,67504,23059,1840.0,59,16,0.0093830157216508
74226,37186,1005.0,1227.0,61,197506.0,0.8190709046454768,Zip,TN,Sumner County,Westmoreland,2022-11-30,15.2,30020.912,371,86,74217,37174,2042.0,74,12,0.010338926412362157
60371,06519,1448.0,1550.0,61,193769.0,0.9341935483870968,Zip,CT,New Haven County,New Haven,2022-11-30,15.2,29452.888,065,19,60363,06511,2003.0,11,8,0.01033705081824234
70963,30217,771.0,664.0,61,155848.0,1.161144578313253,Zip,GA,Heard County,Franklin,2022-11-30,15.1,23533.048,302,17,70960,30214,2149.0,14,3,0.013789076536112109
77506,45215,1077.0,979.0,61,192818.0,1.1001021450459654,Zip,OH,Hamilton County,Wyoming,2022-11-30,15.1,29115.518,452,15,77510,45219,1590.0,19,4,0.008246118101007168
86298,64050,1032.0,711.0,61,143130.0,1.4514767932489452,Zip,MO,Jackson County,Independence,2022-11-30,15.1,21612.63,640,50,86303,64055,1254.0,55,5,0.00876126598197443
91665,77016,1329.0,734.0,61,164541.0,1.8106267029972751,Zip,TX,Harris County,Houston,2022-11-30,15.1,24845.691,770,16,91668,77019,1605.0,19,3,0.009754407716009992
93136,79927,516.0,833.0,61,142894.0,0.6194477791116446,Zip,TX,El Paso County,Socorro,2022-11-30,15.1,21576.994,799,27,93142,79934,1415.0,34,7,0.00990244516914636
77910,46013,992.0,687.0,61,147193.0,1.4439592430858808,Zip,IN,Madison County,Anderson,2022-11-30,15.1,22226.143,460,13,77918,46032,1407.0,32,19,0.00955887847927551
77907,46001,865.0,821.0,61,141857.0,1.053593179049939,Zip,IN,Madison County,Alexandria,2022-11-30,15.0,21278.55,460,1,77918,46032,1407.0,32,31,0.009918438991378642
93139,79930,724.0,851.0,61,147380.0,0.8507638072855465,Zip,TX,El Paso County,El Paso,2022-11-30,15.0,22107.0,799,30,93142,79934,1415.0,34,4,0.00960103134753698
91682,77033,1128.0,1061.0,61,157030.0,1.0631479736098022,Zip,TX,Harris County,Houston,2022-11-30,15.0,23554.5,770,33,91668,77019,1605.0,19,14,0.010220976883398077
96756,92251,1494.0,2315.0,61,345738.0,0.6453563714902808,Zip,CA,Imperial County,Imperial,2022-11-30,14.9,51514.962,922,51,96758,92253,2995.0,53,2,0.008662628927106652
78914,48030,1356.0,880.0,61,147262.0,1.540909090909091,Zip,MI,Oakland County,Hazel Park,2022-11-30,14.9,21942.038,480,30,78914,48030,1267.0,30,0,0.008603713109967269
70955,30204,701.0,513.0,61,143068.0,1.3664717348927875,Zip,GA,Lamar County,Barnesville,2022-11-30,14.9,21317.131999999998,302,4,70959,30213,2006.0,13,9,0.01402130455447759
70926,30153,1191.0,981.0,61,189925.0,1.2140672782874617,Zip,GA,Polk County,Rockmart,2022-11-30,14.9,28298.824999999997,301,53,70925,30152,1921.0,52,1,0.010114518889035145
63950,15219,1030.0,1883.0,61,166764.0,0.5469994689325545,Zip,PA,Allegheny County,Pittsburgh,2022-11-30,14.9,24847.836,152,19,63948,15217,1482.0,17,2,0.008886810102899906
63938,15207,952.0,811.0,61,144033.0,1.1738594327990135,Zip,PA,Allegheny County,Pittsburgh,2022-11-30,14.9,21460.916999999998,152,7,63934,15203,1487.0,3,4,0.010324022966958961
74617,38053,1138.0,900.0,61,195936.0,1.2644444444444445,Zip,TN,Shelby County,Millington,2022-11-30,14.9,29194.464,380,53,74592,38018,1853.0,18,35,0.009457169688061408
74126,37042,1120.0,1329.0,61,224700.0,0.8427389014296464,Zip,TN,Montgomery County,Clarksville,2022-11-30,14.9,33480.299999999996,370,42,74113,37027,2250.0,27,15,0.010013351134846462
91677,77028,1275.0,1001.0,61,155349.0,1.2737262737262738,Zip,TX,Harris County,Houston,2022-11-30,14.9,23147.001,770,28,91668,77019,1605.0,19,9,0.01033157599984551
65699,19018,1152.0,1209.0,61,217133.0,0.9528535980148883,Zip,PA,Delaware County,Upper Darby Township,2022-11-30,14.9,32352.817,190,18,65738,19063,1898.0,63,45,0.008741186277534967
79094,48239,1044.0,732.0,61,153269.0,1.4262295081967213,Zip,MI,Wayne County,Redford,2022-11-30,14.8,22683.812,482,39,79094,48239,1307.0,39,0,0.008527490882043989
89939,73114,924.0,918.0,61,136947.0,1.0065359477124183,Zip,OK,Oklahoma County,Oklahoma City,2022-11-30,14.8,20268.156000000003,731,14,89931,73106,1361.0,6,8,0.00993815125559523
74209,37160,1321.0,1399.0,61,215854.0,0.9442458899213724,Zip,TN,Bedford County,Shelbyville,2022-11-30,14.8,31946.392000000003,371,60,74214,37167,1739.0,67,7,0.008056371436248575
65728,19050,1162.0,1238.0,61,208729.0,0.938610662358643,Zip,PA,Delaware County,Lansdowne,2022-11-30,14.7,30683.162999999997,190,50,65738,19063,1898.0,63,13,0.009093130326883183
85876,63033,1002.0,965.0,61,173970.0,1.038341968911917,Zip,MO,Saint Louis County,Florissant,2022-11-30,14.7,25573.59,630,33,85876,63033,1512.0,33,0,0.008691153647180549
76489,43050,1027.0,554.0,61,168035.0,1.8537906137184115,Zip,OH,Knox County,Mount Vernon,2022-11-30,14.7,24701.145,430,50,76464,43017,1395.0,17,33,0.00830184187818014
74176,37110,893.0,666.0,61,148372.0,1.3408408408408408,Zip,TN,Warren County,Mc Minnville,2022-11-30,14.7,21810.683999999997,371,10,74183,37122,2104.0,22,12,0.01418057315396436
74136,37055,1352.0,1369.0,61,235538.0,0.987582176771366,Zip,TN,Dickson County,Dickson,2022-11-30,14.7,34624.085999999996,370,55,74145,37064,1907.0,64,9,0.008096358124803641
70635,29654,906.0,1108.0,61,161456.0,0.8176895306859205,Zip,SC,Anderson County,Honea Path,2022-11-30,14.6,23572.575999999997,296,54,70631,29650,1490.0,50,4,0.009228520463779605
69750,28150,761.0,1458.0,61,174327.0,0.5219478737997256,Zip,NC,Cleveland County,Shelby,2022-11-30,14.6,25451.742,281,50,69762,28173,2386.0,73,23,0.013686921704612595
65354,18080,1074.0,1381.0,61,259230.0,0.777697320782042,Zip,PA,Lehigh County,Washington Township,2022-11-30,14.6,37847.579999999994,180,80,65337,18062,2110.0,62,18,0.00813949002816032
96736,92225,925.0,1739.0,61,214727.0,0.5319148936170213,Zip,CA,Riverside County,Blythe,2022-11-30,14.6,31350.142,922,25,96743,92234,2646.0,34,9,0.01232262361044489
85884,63042,719.0,874.0,61,149884.0,0.8226544622425629,Zip,MO,Saint Louis County,Hazelwood,2022-11-30,14.4,21583.296000000002,630,42,85876,63033,1512.0,33,9,0.010087801232953483
66055,19802,687.0,1083.0,61,158622.0,0.6343490304709142,Zip,DE,New Castle County,Wilmington,2022-11-30,14.4,22841.568000000003,198,2,66054,19801,1615.0,1,1,0.010181437631602173
91675,77026,1305.0,1039.0,61,147609.0,1.2560153994225216,Zip,TX,Harris County,Houston,2022-11-30,14.4,21255.696000000004,770,26,91668,77019,1605.0,19,7,0.010873320732475662
65696,19015,1204.0,1220.0,61,230582.0,0.9868852459016394,Zip,PA,Delaware County,Brookhaven,2022-11-30,14.4,33203.808000000005,190,15,65738,19063,1898.0,63,48,0.008231345031268702
79095,48240,945.0,854.0,61,133121.0,1.1065573770491803,Zip,MI,Wayne County,Redford,2022-11-30,14.4,19169.424000000003,482,40,79095,48240,1272.0,40,0,0.009555216682566987
69423,27574,669.0,600.0,61,152720.0,1.115,Zip,NC,Person County,Roxboro,2022-11-30,14.3,21838.960000000003,275,74,69431,27587,1781.0,87,13,0.011661864850707176
65716,19036,1049.0,1024.0,61,195872.0,1.0244140625,Zip,PA,Delaware County,Darby Township,2022-11-30,14.3,28009.696000000004,190,36,65738,19063,1898.0,63,27,0.009690001633719981
91681,77032,924.0,905.0,61,170923.0,1.0209944751381215,Zip,TX,Harris County,Houston,2022-11-30,14.3,24441.989,770,32,91668,77019,1605.0,19,13,0.009390193244911452
91748,77099,988.0,1117.0,61,210985.0,0.8845120859444942,Zip,TX,Harris County,Houston,2022-11-30,14.3,30170.855000000003,770,99,91747,77098,1707.0,98,1,0.008090622556105884
89952,73127,686.0,714.0,61,165066.0,0.9607843137254902,Zip,OK,Oklahoma County,Oklahoma City,2022-11-30,14.2,23439.372,731,27,89931,73106,1361.0,6,21,0.008245186773775339
58948,02863,2038.0,1799.0,61,287772.0,1.132851584213452,Zip,RI,Providence County,Central Falls,2022-11-30,14.2,40863.623999999996,028,63,58937,02840,2748.0,40,23,0.009549226470956174
79419,48846,988.0,1820.0,61,171554.0,0.5428571428571428,Zip,MI,Ionia County,Ionia,2022-11-30,14.2,24360.667999999998,488,46,79416,48843,2001.0,43,3,0.01166396586497546
85874,63031,832.0,834.0,61,150505.0,0.9976019184652278,Zip,MO,Saint Louis County,Florissant,2022-11-30,14.1,21221.204999999998,630,31,85874,63031,1306.0,31,0,0.008677452576326367
60982,08093,649.0,1198.0,61,191152.0,0.5417362270450752,Zip,NJ,Gloucester County,Westville,2022-11-30,14.1,26952.431999999997,080,93,60971,08081,1791.0,81,12,0.00936950698920231
91666,77017,1063.0,965.0,61,186303.0,1.1015544041450778,Zip,TX,Harris County,Houston,2022-11-30,14.1,26268.722999999998,770,17,91668,77019,1605.0,19,2,0.008614998148177969
91660,77011,1654.0,1468.0,61,212914.0,1.1267029972752043,Zip,TX,Harris County,Houston,2022-11-30,14.1,30020.873999999996,770,11,91658,77009,1763.0,9,2,0.00828033854044356
91736,77087,1180.0,971.0,61,184658.0,1.21524201853759,Zip,TX,Harris County,Houston,2022-11-30,14.1,26036.778,770,87,91733,77084,1549.0,84,3,0.008388480325791463
65737,19061,1154.0,1097.0,61,216045.0,1.0519598906107566,Zip,PA,Delaware County,Upper Chichester Township,2022-11-30,14.1,30462.344999999998,190,61,65738,19063,1898.0,63,2,0.008785206785623365
95026,85643,822.0,1164.0,61,147597.0,0.7061855670103093,Zip,AZ,Cochise County,Willcox,2022-11-30,14.1,20811.177,856,43,95025,85641,2110.0,41,2,0.014295683516602641
71225,30601,1317.0,1181.0,61,216002.0,1.1151566469093988,Zip,GA,Clarke County,Athens,2022-11-30,14.1,30456.281999999996,306,1,71275,30680,1774.0,80,79,0.008212886917713725
65772,19104,1574.0,1638.0,61,212628.0,0.960927960927961,Zip,PA,Philadelphia County,Philadelphia,2022-11-30,14.1,29980.548,191,4,65772,19104,1785.0,4,0,0.008394943281223545
69393,27534,581.0,997.0,61,191922.0,0.5827482447342026,Zip,NC,Wayne County,Goldsboro,2022-11-30,14.1,27061.001999999997,275,34,69388,27529,1561.0,29,5,0.00813351257281604
94988,85602,1014.0,1063.0,61,197267.0,0.9539040451552211,Zip,AZ,Cochise County,Benson,2022-11-30,14.0,27617.38,856,2,95013,85629,1922.0,29,27,0.00974314000821222
71325,30815,972.0,897.0,61,169600.0,1.0836120401337792,Zip,GA,Richmond County,Augusta,2022-11-30,14.0,23744.000000000004,308,15,71323,30813,1466.0,13,2,0.008643867924528302
91694,77045,957.0,828.0,61,178367.0,1.1557971014492754,Zip,TX,Harris County,Houston,2022-11-30,14.0,24971.38,770,45,91706,77057,1548.0,57,12,0.008678735416304586
91700,77051,1034.0,944.0,61,156969.0,1.0953389830508475,Zip,TX,Harris County,Houston,2022-11-30,14.0,21975.660000000003,770,51,91706,77057,1548.0,57,6,0.009861819849779256
91702,77053,961.0,820.0,61,179969.0,1.171951219512195,Zip,TX,Harris County,Houston,2022-11-30,14.0,25195.660000000003,770,53,91706,77057,1548.0,57,4,0.008601481366235297
65798,19131,1550.0,1398.0,61,176696.0,1.1087267525035764,Zip,PA,Philadelphia County,Philadelphia,2022-11-30,13.9,24560.744000000002,191,31,65798,19131,1581.0,31,0,0.008947570969348485
69210,27107,1011.0,911.0,61,186980.0,1.109769484083425,Zip,NC,Forsyth County,Winston-Salem,2022-11-30,13.9,25990.22,271,7,69207,27104,1531.0,4,3,0.008188041501764895
84522,60471,1009.0,1234.0,61,192048.0,0.8176661264181524,Zip,IL,Cook County,Richton Park,2022-11-30,13.9,26694.672000000002,604,71,84492,60441,1753.0,41,30,0.009127926351745396
91670,77021,1204.0,935.0,61,191216.0,1.2877005347593582,Zip,TX,Harris County,Houston,2022-11-30,13.9,26579.024,770,21,91668,77019,1605.0,19,2,0.00839364906702368
74230,37190,924.0,742.0,61,190420.0,1.2452830188679245,Zip,TN,Cannon County,Woodbury,2022-11-30,13.8,26277.960000000003,371,90,74217,37174,2042.0,74,16,0.010723663480726814
84489,60438,902.0,1158.0,61,181249.0,0.7789291882556131,Zip,IL,Cook County,Lansing,2022-11-30,13.8,25012.362,604,38,84492,60441,1753.0,41,3,0.009671777499462067
89846,73008,654.0,668.0,61,157178.0,0.9790419161676647,Zip,OK,Oklahoma County,Bethany,2022-11-30,13.8,21690.564000000002,730,8,89841,73003,1403.0,3,5,0.008926185598493428
79386,48809,1224.0,1912.0,61,197278.0,0.6401673640167364,Zip,MI,Ionia County,Belding,2022-11-30,13.8,27224.364,488,9,79416,48843,2001.0,43,34,0.010143046867871734
91664,77015,1034.0,800.0,61,190833.0,1.2925,Zip,TX,Harris County,Houston,2022-11-30,13.7,26144.120999999996,770,15,91668,77019,1605.0,19,4,0.00841049504016601
91686,77037,925.0,997.0,61,181381.0,0.9277833500501504,Zip,TX,Harris County,Houston,2022-11-30,13.7,24849.196999999996,770,37,91668,77019,1605.0,19,18,0.00884877688401762
77935,46052,1040.0,999.0,61,217273.0,1.0410410410410411,Zip,IN,Boone County,Lebanon,2022-11-30,13.7,29766.400999999998,460,52,77924,46038,1808.0,38,14,0.008321328466951715
70286,29061,652.0,1097.0,61,167682.0,0.5943482224247949,Zip,SC,Richland County,Hopkins,2022-11-30,13.6,22804.752,290,61,70288,29063,1500.0,63,2,0.00894550398969478
91697,77048,999.0,1088.0,61,190296.0,0.9181985294117647,Zip,TX,Harris County,Houston,2022-11-30,13.6,25880.256,770,48,91706,77057,1548.0,57,9,0.008134695421869087
89981,73159,653.0,598.0,61,153335.0,1.0919732441471572,Zip,OK,Oklahoma County,Oklahoma City,2022-11-30,13.6,20853.56,731,59,89931,73106,1361.0,6,53,0.008875990478364366
91688,77039,971.0,780.0,61,177095.0,1.244871794871795,Zip,TX,Harris County,Houston,2022-11-30,13.6,24084.920000000002,770,39,91706,77057,1548.0,57,18,0.008741071176487196
79446,48875,1224.0,2432.0,61,239421.0,0.5032894736842105,Zip,MI,Ionia County,Portland,2022-11-30,13.6,32561.256,488,75,79416,48843,2001.0,43,32,0.00835766286165374
63958,15227,887.0,952.0,61,179342.0,0.9317226890756303,Zip,PA,Allegheny County,Brentwood,2022-11-30,13.6,24390.512000000002,152,27,63948,15217,1482.0,17,10,0.00826354116715549
92048,77587,1023.0,906.0,61,182576.0,1.1291390728476822,Zip,TX,Harris County,South Houston,2022-11-30,13.6,24830.336000000003,775,87,92045,77584,1623.0,84,3,0.008889448777495399
84484,60433,851.0,1034.0,61,149279.0,0.8230174081237911,Zip,IL,Will County,Joliet,2022-11-30,13.6,20301.944000000003,604,33,84492,60441,1753.0,41,8,0.011743111891156828
84483,60432,784.0,1142.0,61,149658.0,0.6865148861646234,Zip,IL,Will County,Joliet,2022-11-30,13.5,20203.83,604,32,84492,60441,1753.0,41,9,0.011713373157465689
91709,77060,950.0,746.0,61,179932.0,1.2734584450402144,Zip,TX,Harris County,Houston,2022-11-30,13.5,24290.820000000003,770,60,91706,77057,1548.0,57,3,0.008603250116710757
63636,14615,747.0,933.0,61,133866.0,0.8006430868167203,Zip,NY,Monroe County,Rochester,2022-11-30,13.5,18071.91,146,15,63628,14607,1156.0,7,8,0.008635501172814605
82202,55350,1239.0,1611.0,61,243992.0,0.7690875232774674,Zip,MN,McLeod County,Hutchinson,2022-11-30,13.4,32694.928000000004,553,50,82199,55347,1958.0,47,3,0.008024853273877832
70254,29006,655.0,749.0,61,144883.0,0.8744993324432577,Zip,SC,Lexington County,Batesburg-Leesville,2022-11-30,13.4,19414.322,290,6,70274,29045,1376.0,45,39,0.009497318525983034
91662,77013,1020.0,853.0,61,178494.0,1.1957796014067996,Zip,TX,Harris County,Houston,2022-11-30,13.4,23918.196,770,13,91658,77009,1763.0,9,4,0.009877082703060047
84480,60429,865.0,1189.0,61,160653.0,0.7275021026072329,Zip,IL,Cook County,Hazel Crest,2022-11-30,13.4,21527.502,604,29,84492,60441,1753.0,41,12,0.01091171655680255
74951,38671,1047.0,940.0,61,189054.0,1.1138297872340426,Zip,MS,DeSoto County,Southaven,2022-11-30,13.4,25333.236,386,71,74951,38671,1574.0,71,0,0.008325663567023179
84477,60425,964.0,1154.0,61,197855.0,0.8353552859618717,Zip,IL,Cook County,Glenwood,2022-11-30,13.4,26512.570000000003,604,25,84492,60441,1753.0,41,16,0.008860023754769908
91742,77093,1145.0,930.0,61,163562.0,1.2311827956989247,Zip,TX,Harris County,Houston,2022-11-30,13.3,21753.746000000003,770,93,91744,77095,1335.0,95,2,0.008162042528215601
74925,38637,882.0,842.0,61,155791.0,1.0475059382422802,Zip,MS,DeSoto County,Horn Lake,2022-11-30,13.3,20720.203,386,37,74951,38671,1574.0,71,34,0.010103279393546482
69752,28152,846.0,1601.0,61,182499.0,0.52841973766396,Zip,NC,Cleveland County,Shelby,2022-11-30,13.3,24272.367000000002,281,52,69762,28173,2386.0,73,21,0.013074044241338309
63640,14619,883.0,926.0,61,133098.0,0.9535637149028078,Zip,NY,Monroe County,Rochester,2022-11-30,13.2,17568.936,146,19,63628,14607,1156.0,7,12,0.008685329606755924
70280,29053,623.0,697.0,61,147456.0,0.8938307030129125,Zip,SC,Lexington County,Gaston,2022-11-30,13.2,19464.192000000003,290,53,70274,29045,1376.0,45,8,0.009331597222222222
91661,77012,1226.0,1306.0,61,173204.0,0.9387442572741195,Zip,TX,Harris County,Houston,2022-11-30,13.2,22862.928,770,12,91658,77009,1763.0,9,3,0.010178748758689175
77616,45356,665.0,637.0,61,134853.0,1.043956043956044,Zip,OH,Miami County,Piqua,2022-11-30,13.1,17665.743000000002,453,56,77603,45342,1127.0,42,14,0.008357248262923332
92579,78644,959.0,943.0,61,224469.0,1.0169671261930011,Zip,TX,Caldwell County,Lockhart,2022-11-30,13.1,29405.439000000002,786,44,92576,78641,1973.0,41,3,0.0087896324214034
69708,28090,1017.0,1533.0,61,167103.0,0.6634050880626223,Zip,NC,Cleveland County,Belwood,2022-11-30,13.0,21723.39,280,90,69702,28081,1465.0,81,9,0.008767047868679797
79053,48195,876.0,800.0,61,164336.0,1.095,Zip,MI,Wayne County,Southgate,2022-11-30,12.9,21199.344,481,95,79047,48188,1916.0,88,7,0.01165904001557784
79415,48842,891.0,945.0,61,220979.0,0.9428571428571428,Zip,MI,Ingham County,Holt,2022-11-30,12.9,28506.291,488,42,79416,48843,2001.0,43,1,0.009055159087515103
79427,48854,973.0,1053.0,61,242243.0,0.9240265906932573,Zip,MI,Ingham County,Mason,2022-11-30,12.9,31249.347,488,54,79416,48843,2001.0,43,11,0.00826030060724149
90272,74063,627.0,719.0,61,175543.0,0.8720445062586927,Zip,OK,Tulsa County,Sand Springs,2022-11-30,12.7,22293.961,740,63,90249,74037,1536.0,37,26,0.008749992879237566
77586,45324,698.0,728.0,61,158299.0,0.9587912087912088,Zip,OH,Greene County,Fairborn,2022-11-30,12.7,20103.973,453,24,77586,45324,1306.0,24,0,0.008250210045546718
84354,60099,842.0,974.0,61,185353.0,0.864476386036961,Zip,IL,Lake County,Zion,2022-11-30,12.7,23539.831000000002,600,99,84345,60090,1754.0,90,9,0.009463024607101045
71179,30531,849.0,804.0,61,183854.0,1.0559701492537314,Zip,GA,Habersham County,Cornelia,2022-11-30,12.7,23349.458,305,31,71169,30519,2109.0,19,12,0.011471058557333536
76509,43078,768.0,662.0,61,167905.0,1.1601208459214503,Zip,OH,Champaign County,Urbana,2022-11-30,12.7,21323.935,430,78,76464,43017,1395.0,17,61,0.008308269557190077
92050,77590,816.0,877.0,61,168545.0,0.9304446978335233,Zip,TX,Galveston County,Texas City,2022-11-30,12.7,21405.215,775,90,92045,77584,1623.0,84,6,0.00962947580764781
94252,83647,1627.0,1171.0,61,276384.0,1.3894107600341588,Zip,ID,Elmore County,Mountain Home,2022-11-30,12.7,35100.768000000004,836,47,399648,83646,2251.0,46,1,0.00814446567095056
70265,29033,761.0,759.0,61,160710.0,1.002635046113307,Zip,SC,Lexington County,Cayce,2022-11-30,12.6,20249.46,290,33,70274,29045,1376.0,45,12,0.008562006097940389
92051,77591,965.0,927.0,61,198982.0,1.040992448759439,Zip,TX,Galveston County,Texas City,2022-11-30,12.6,25071.732,775,91,92045,77584,1623.0,84,7,0.008156516669849534
84342,60087,960.0,1085.0,61,199056.0,0.8847926267281107,Zip,IL,Lake County,Waukegan,2022-11-30,12.6,25081.056,600,87,84344,60089,1814.0,89,2,0.009113013423358251
89962,73139,644.0,651.0,61,163133.0,0.989247311827957,Zip,OK,Oklahoma County,Oklahoma City,2022-11-30,12.6,20554.758,731,39,89931,73106,1361.0,6,33,0.008342885866133768
79051,48192,921.0,823.0,61,160208.0,1.1190765492102066,Zip,MI,Wayne County,Wyandotte,2022-11-30,12.6,20186.208,481,92,79047,48188,1916.0,88,4,0.011959452711475083
62297,11950,2639.0,2130.0,61,377097.0,1.2389671361502348,Zip,NY,Suffolk County,Mastic,2022-11-30,12.5,47137.125,119,50,62287,11937,28297.0,37,13,0.0750390483085254
66827,21217,683.0,1315.0,61,144443.0,0.5193916349809886,Zip,MD,Baltimore City,Baltimore,2022-11-30,12.5,18055.375,212,17,66827,21217,1499.0,17,0,0.010377796085653165
71173,30523,1115.0,1118.0,61,258696.0,0.9973166368515206,Zip,GA,Habersham County,Clarkesville,2022-11-30,12.4,32078.304000000004,305,23,71169,30519,2109.0,19,4,0.008152426013544855
69685,28043,774.0,720.0,61,153447.0,1.075,Zip,NC,Rutherford County,Forest City,2022-11-30,12.4,19027.428000000004,280,43,69686,28052,1326.0,52,9,0.0086414201646171
90245,74033,577.0,746.0,61,180078.0,0.7734584450402144,Zip,OK,Tulsa County,Glenpool,2022-11-30,12.4,22329.672000000002,740,33,90249,74037,1536.0,37,4,0.008529637157231866
75870,41015,818.0,810.0,61,167269.0,1.0098765432098766,Zip,KY,Kenton County,Covington,2022-11-30,12.2,20406.818,410,15,75885,41042,1388.0,42,27,0.008298010988288326
84524,60473,896.0,1069.0,61,203776.0,0.8381665107577175,Zip,IL,Cook County,South Holland,2022-11-30,12.2,24860.672,604,73,84492,60441,1753.0,41,32,0.008602583228643216
90273,74066,486.0,846.0,61,141130.0,0.574468085106383,Zip,OK,Creek County,Sapulpa,2022-11-30,12.2,17217.86,740,66,90249,74037,1536.0,37,29,0.010883582512577056
84634,60633,811.0,1096.0,61,168971.0,0.739963503649635,Zip,IL,Cook County,Chicago,2022-11-30,12.1,20445.490999999998,606,33,84637,60637,1444.0,37,4,0.008545845145024886
79402,48827,1008.0,809.0,61,208586.0,1.245982694684796,Zip,MI,Eaton County,Eaton Rapids,2022-11-30,12.1,25238.906,488,27,79416,48843,2001.0,43,16,0.009593165408991975
79412,48838,1399.0,1554.0,61,217641.0,0.9002574002574003,Zip,MI,Montcalm County,Greenville,2022-11-30,12.1,26334.560999999998,488,38,79416,48843,2001.0,43,5,0.00919403972597075
91843,77327,699.0,726.0,61,153562.0,0.9628099173553719,Zip,TX,Liberty County,Cleveland,2022-11-30,12.1,18581.002,773,27,91853,77339,1369.0,39,12,0.00891496594209505
70972,30230,546.0,743.0,61,134191.0,0.7348586810228802,Zip,GA,Troup County,Hogansville,2022-11-30,12.0,16102.92,302,30,70970,30228,1890.0,28,2,0.01408440208359726
79128,48317,1216.0,1257.0,61,260155.0,0.9673826571201273,Zip,MI,Macomb County,Shelby,2022-11-30,12.0,31218.6,483,17,79132,48322,2306.0,22,5,0.008863946493436605
84496,60445,721.0,1027.0,61,215787.0,0.7020447906523856,Zip,IL,Cook County,Crestwood,2022-11-30,12.0,25894.44,604,45,84492,60441,1753.0,41,4,0.008123751662519059
84340,60085,941.0,876.0,61,173227.0,1.0742009132420092,Zip,IL,Lake County,Waukegan,2022-11-30,12.0,20787.239999999998,600,85,84344,60089,1814.0,89,4,0.010471808667240096
84329,60073,790.0,1039.0,61,205595.0,0.7603464870067372,Zip,IL,Lake County,Round Lake Beach,2022-11-30,11.8,24260.210000000003,600,73,84324,60068,1881.0,68,5,0.009149055181303047
84487,60436,732.0,874.0,61,165032.0,0.8375286041189931,Zip,IL,Will County,Joliet,2022-11-30,11.7,19308.744,604,36,84492,60441,1753.0,41,5,0.010622182364632313
89871,73036,573.0,682.0,61,145164.0,0.8401759530791789,Zip,OK,Canadian County,El Reno,2022-11-30,11.7,16984.188,730,36,89841,73003,1403.0,3,33,0.009664930699071395
84611,60609,1253.0,1609.0,61,227180.0,0.7787445618396519,Zip,IL,Cook County,Chicago,2022-11-30,11.7,26580.059999999998,606,9,84612,60610,2352.0,10,1,0.010353024033805792
69655,28001,822.0,846.0,61,189691.0,0.9716312056737588,Zip,NC,Stanly County,Albemarle,2022-11-30,11.7,22193.846999999998,280,1,69670,28025,1713.0,25,24,0.009030475879193003
71217,30577,628.0,558.0,61,138979.0,1.125448028673835,Zip,GA,Stephens County,Toccoa,2022-11-30,11.6,16121.563999999998,305,77,71169,30519,2109.0,19,58,0.015174954489527194
78013,46176,718.0,642.0,61,156093.0,1.118380062305296,Zip,IN,Shelby County,Shelbyville,2022-11-30,11.6,18106.788,461,76,77973,46123,1613.0,23,53,0.010333583184383668
78895,48001,1194.0,965.0,61,226066.0,1.2373056994818652,Zip,MI,Saint Clair County,Algonac,2022-11-30,11.6,26223.656,480,1,78902,48009,2142.0,9,8,0.009475109038953227
84289,60020,822.0,1014.0,61,207473.0,0.8106508875739645,Zip,IL,Lake County,Fox Lake,2022-11-30,11.6,24066.868,600,20,84285,60016,1711.0,16,4,0.008246856217435521
78950,48074,1027.0,1221.0,61,206819.0,0.8411138411138411,Zip,MI,Saint Clair County,Smiths Creek,2022-11-30,11.5,23784.185,480,74,78949,48073,1718.0,73,1,0.008306780324825088
66741,21040,956.0,1050.0,61,237372.0,0.9104761904761904,Zip,MD,Harford County,Edgewood,2022-11-30,11.5,27297.780000000002,210,40,66743,21042,2226.0,42,2,0.009377685657954602
82261,55411,1513.0,738.0,61,229052.0,2.0501355013550135,Zip,MN,Hennepin County,Minneapolis,2022-11-30,11.5,26340.98,554,11,82260,55410,2141.0,10,1,0.009347222464767825
84529,60478,734.0,1153.0,61,180176.0,0.6366001734605378,Zip,IL,Cook County,Country Club Hills,2022-11-30,11.5,20720.24,604,78,84492,60441,1753.0,41,37,0.009729375721516739
79389,48813,958.0,665.0,61,193959.0,1.4406015037593984,Zip,MI,Eaton County,Charlotte,2022-11-30,11.5,22305.285,488,13,79416,48843,2001.0,43,30,0.01031661330487371
60684,07461,1477.0,2171.0,61,340895.0,0.6803316444035007,Zip,NJ,Sussex County,Wantage Township,2022-11-30,11.5,39202.925,074,61,60677,07450,2798.0,50,11,0.008207805922644803
79052,48193,1061.0,1055.0,61,224199.0,1.0056872037914693,Zip,MI,Wayne County,Riverview,2022-11-30,11.5,25782.885000000002,481,93,79047,48188,1916.0,88,5,0.00854597924165585
91977,77488,603.0,615.0,61,156059.0,0.9804878048780488,Zip,TX,Wharton County,Wharton,2022-11-30,11.4,17790.726000000002,774,88,91982,77494,1549.0,94,6,0.009925733216283586
60660,07419,1323.0,1808.0,61,305266.0,0.7317477876106194,Zip,NJ,Sussex County,Hardyston Township,2022-11-30,11.4,34800.324,074,19,60677,07450,2798.0,50,31,0.009165776732423525
66832,21222,649.0,1075.0,61,175716.0,0.6037209302325581,Zip,MD,Baltimore County,Dundalk,2022-11-30,11.4,20031.624,212,22,66832,21222,1432.0,22,0,0.008149513988481414
84541,60505,833.0,862.0,61,190321.0,0.9663573085846868,Zip,IL,Kane County,Aurora,2022-11-30,11.3,21506.273,605,5,84540,60504,1819.0,4,1,0.009557537003273418
74586,38011,937.0,968.0,61,203939.0,0.9679752066115702,Zip,TN,Tipton County,Brighton,2022-11-30,11.3,23045.107,380,11,74590,38016,1728.0,16,5,0.008473121864871359
74593,38019,594.0,679.0,61,131744.0,0.8748159057437408,Zip,TN,Tipton County,Covington,2022-11-30,11.3,14887.072,380,19,74592,38018,1853.0,18,1,0.014065156667476318
74621,38058,988.0,950.0,61,210156.0,1.04,Zip,TN,Tipton County,Munford,2022-11-30,11.3,23747.628,380,58,74592,38018,1853.0,18,40,0.008817259559565275
84364,60110,705.0,964.0,61,214742.0,0.7313278008298755,Zip,IL,Kane County,Carpentersville,2022-11-30,11.3,24265.846,601,10,84361,60107,1734.0,7,3,0.008074806046325357
84373,60120,814.0,954.0,61,231597.0,0.8532494758909853,Zip,IL,Kane County,Elgin,2022-11-30,11.3,26170.461,601,20,84378,60126,2142.0,26,6,0.009248824466638168
73068,34266,818.0,649.0,61,153070.0,1.2604006163328196,Zip,FL,De Soto County,Arcadia,2022-11-30,11.2,17143.839999999997,342,66,73062,34243,2128.0,43,23,0.01390213627752009
84486,60435,798.0,876.0,61,203548.0,0.910958904109589,Zip,IL,Will County,Joliet,2022-11-30,11.2,22797.375999999997,604,35,84492,60441,1753.0,41,6,0.008612219230844813
84376,60123,851.0,1065.0,61,244058.0,0.7990610328638498,Zip,IL,Kane County,Elgin,2022-11-30,11.1,27090.438000000002,601,23,84378,60126,2142.0,26,3,0.008776602283063862
95005,85621,890.0,1016.0,61,177199.0,0.8759842519685039,Zip,AZ,Santa Cruz County,Nogales,2022-11-30,11.1,19669.089,856,21,95013,85629,1922.0,29,8,0.010846562339516589
79411,48837,1114.0,762.0,61,249214.0,1.4619422572178478,Zip,MI,Eaton County,Grand Ledge,2022-11-30,11.1,27662.754,488,37,79416,48843,2001.0,43,6,0.008029243942956656
84642,60643,647.0,1228.0,61,217919.0,0.5268729641693811,Zip,IL,Cook County,Chicago,2022-11-30,11.1,24189.009000000002,606,43,399713,60642,2239.0,42,1,0.010274459776338915
61865,10566,2125.0,2486.0,61,442400.0,0.8547868061142397,Zip,NY,Westchester County,Peekskill,2022-11-30,11.0,48664.0,105,66,61876,10583,4579.0,83,17,0.010350361663652803
91918,77422,782.0,1060.0,61,208593.0,0.7377358490566037,Zip,TX,Brazoria County,Brazoria,2022-11-30,10.9,22736.637,774,22,91922,77429,1783.0,29,7,0.008547746089274328
84352,60097,766.0,1091.0,61,198748.0,0.7021081576535289,Zip,IL,McHenry County,Wonder Lake,2022-11-30,10.9,21663.532,600,97,84345,60090,1754.0,90,7,0.008825246040211725
70626,29645,632.0,642.0,61,131493.0,0.9844236760124611,Zip,SC,Laurens County,Gray Court,2022-11-30,10.7,14069.751,296,45,70631,29650,1490.0,50,5,0.01133140167157187
69395,27537,624.0,705.0,61,158268.0,0.8851063829787233,Zip,NC,Vance County,Henderson,2022-11-30,10.7,16934.676,275,37,69397,27540,1927.0,40,3,0.012175550332347664
66839,21229,576.0,1033.0,61,154913.0,0.5575992255566312,Zip,MD,Baltimore City,Baltimore,2022-11-30,10.7,16575.691,212,29,66839,21229,1318.0,29,0,0.008508001265226288
70298,29078,702.0,1286.0,61,173243.0,0.5458786936236392,Zip,SC,Kershaw County,Lugoff,2022-11-30,10.6,18363.757999999998,290,78,70295,29073,1475.0,73,5,0.008514052515830366
91930,77437,585.0,629.0,61,170587.0,0.9300476947535771,Zip,TX,Wharton County,El Campo,2022-11-30,10.6,18082.221999999998,774,37,91926,77433,1635.0,33,4,0.009584552163998429
77592,45331,532.0,603.0,61,153750.0,0.8822553897180763,Zip,OH,Darke County,Greenville,2022-11-30,10.6,16297.5,453,31,77586,45324,1306.0,24,7,0.00849430894308943
84625,60623,1039.0,1891.0,61,196514.0,0.5494447382337387,Zip,IL,Cook County,Chicago,2022-11-30,10.5,20633.969999999998,606,23,84624,60622,1892.0,22,1,0.009627812776697843
86332,64085,820.0,665.0,61,144862.0,1.2330827067669172,Zip,MO,Ray County,Richmond,2022-11-30,10.5,15210.51,640,85,86311,64064,1483.0,64,21,0.010237329320318648
77983,46135,767.0,682.0,61,176318.0,1.1246334310850439,Zip,IN,Putnam County,Greencastle,2022-11-30,10.5,18513.39,461,35,77973,46123,1613.0,23,12,0.009148243514558922
61827,10512,1458.0,2062.0,61,414484.0,0.7070805043646945,Zip,NY,Putnam County,Lake Carmel,2022-11-30,10.4,43106.336,105,12,61876,10583,4579.0,83,71,0.011047471072466005
91323,76240,773.0,825.0,61,187690.0,0.936969696969697,Zip,TX,Cooke County,Gainesville,2022-11-30,10.4,19519.760000000002,762,40,91325,76244,2066.0,44,4,0.011007512387447387
79055,48198,1078.0,791.0,61,183675.0,1.3628318584070795,Zip,MI,Washtenaw County,Superior,2022-11-30,10.2,18734.85,481,98,79047,48188,1916.0,88,10,0.010431468626650333
84532,60481,755.0,794.0,61,203116.0,0.9508816120906801,Zip,IL,Will County,Wilmington,2022-11-30,10.2,20717.832,604,81,84492,60441,1753.0,41,40,0.008630536245298253
85930,63112,810.0,1460.0,61,140981.0,0.5547945205479452,Zip,MO,Saint Louis City,Saint Louis,2022-11-30,10.2,14380.062,631,12,85930,63112,1345.0,12,0,0.009540292663550408
74908,38618,588.0,644.0,61,152408.0,0.9130434782608695,Zip,MS,Tate County,Coldwater,2022-11-30,10.2,15545.615999999998,386,18,74951,38671,1574.0,71,53,0.010327541861319615
90276,74070,621.0,702.0,61,181932.0,0.8846153846153846,Zip,OK,Osage County,Skiatook,2022-11-30,10.2,18557.064,740,70,90249,74037,1536.0,37,33,0.008442714860497328
67839,23860,489.0,672.0,61,158901.0,0.7276785714285714,Zip,VA,Hopewell City,Hopewell,2022-11-30,10.2,16207.901999999998,238,60,67819,23831,1547.0,31,29,0.00973562155052517
74163,37083,769.0,547.0,61,145127.0,1.4058500914076781,Zip,TN,Macon County,Lafayette,2022-11-30,10.2,14802.954,370,83,74165,37086,1913.0,86,3,0.01318155822141986
72879,33873,574.0,682.0,61,150177.0,0.841642228739003,Zip,FL,Hardee County,Wauchula,2022-11-30,10.2,15318.053999999998,338,73,72883,33880,1529.0,80,7,0.0101813193764691
79450,48879,1015.0,809.0,61,217843.0,1.2546353522867737,Zip,MI,Clinton County,Saint Johns,2022-11-30,10.2,22219.985999999997,488,79,79416,48843,2001.0,43,36,0.009185514338307863
61824,10509,1391.0,2406.0,61,449000.0,0.5781379883624272,Zip,NY,Putnam County,Town Of Southeast,2022-11-30,10.1,45349.0,105,9,61876,10583,4579.0,83,74,0.010198218262806235
90922,75455,489.0,621.0,61,151966.0,0.7874396135265701,Zip,TX,Titus County,Mount Pleasant,2022-11-30,10.1,15348.565999999999,754,55,90880,75409,1942.0,9,46,0.012779174288985694
